[
    {
        "episode": 1,
        "video_url": "https://prxy.miruro.to/m3u8/?url=https%3A%2F%2Fvault-06.padorupado.ru%2Fstream%2F06%2F11%2F1671d1309105da418d33f38341310dc79fe3915d397cd64a1dd74d938bb08166%2Fuwu.m3u8"
    },
    {
        "episode": 2,
        "video_url": "https://prxy.miruro.to/m3u8/?url=https%3A%2F%2Fvault-06.padorupado.ru%2Fstream%2F06%2F11%2F114597f352da48acd18bf2fe987562cc8f5f5e7970236f557ba0fad2d91c9c82%2Fuwu.m3u8"
    },
    {
        "episode": 3,
        "video_url": "https://prxy.miruro.to/m3u8/?url=https%3A%2F%2Fvault-06.padorupado.ru%2Fstream%2F06%2F11%2Fbcd97613bc98b73c72cd4c11aeea50e7829954c5a05c1bce070233020893cbbc%2Fuwu.m3u8"
    },
    {
        "episode": 4,
        "video_url": "https://prxy.miruro.to/m3u8/?url=https%3A%2F%2Fvault-06.padorupado.ru%2Fstream%2F06%2F11%2F799a8dde80f9f218708076e5d75e5e721d969ee3b0ad466f313c0ce0bd20ce54%2Fuwu.m3u8"
    },
    {
        "episode": 5,
        "video_url": "https://prxy.miruro.to/m3u8/?url=https%3A%2F%2Fvault-06.padorupado.ru%2Fstream%2F06%2F11%2Fc96982e3ccfdac8d8b81410d44dc20a77f5b4913082793cb2089b39a1fd5bcd2%2Fuwu.m3u8"
    },
    {
        "episode": 6,
        "video_url": "https://prxy.miruro.to/m3u8/?url=https%3A%2F%2Fvault-06.padorupado.ru%2Fstream%2F06%2F11%2F7f0032277573d961362aa67de87d8c6e4a273b5f7629a4fa049e70b50ab8c736%2Fuwu.m3u8"
    },
    {
        "episode": 7,
        "video_url": "https://prxy.miruro.to/m3u8/?url=https%3A%2F%2Fvault-06.padorupado.ru%2Fstream%2F06%2F11%2Fa0e8f8c45219b756ee0247aa6a955581d972767c32e481c4d47dabad83fc4f58%2Fuwu.m3u8"
    },
    {
        "episode": 8,
        "video_url": "https://prxy.miruro.to/m3u8/?url=https%3A%2F%2Fvault-06.padorupado.ru%2Fstream%2F06%2F11%2Fcef70595b65642c43493d838641e902eabb551e4765997396ba54d832641e6ac%2Fuwu.m3u8"
    },
    {
        "episode": 9,
        "video_url": "https://prxy.miruro.to/m3u8/?url=https%3A%2F%2Fvault-06.padorupado.ru%2Fstream%2F06%2F11%2Fe5d7cb80f242c9e21585413b0010a3fe4546c39361d04b1a14e236c5f10feb20%2Fuwu.m3u8"
    },
    {
        "episode": 10,
        "video_url": "https://prxy.miruro.to/m3u8/?url=https%3A%2F%2Fvault-06.padorupado.ru%2Fstream%2F06%2F11%2Fea9d924da71f2855e8ca69c119799fee6f5114e1a9d703e966b23ad9983a8d60%2Fuwu.m3u8"
    },
    {
        "episode": 11,
        "video_url": "https://prxy.miruro.to/m3u8/?url=https%3A%2F%2Fvault-06.padorupado.ru%2Fstream%2F06%2F11%2Ffa0633fb9f670a58c6d7e0edcbfdfdb3949752eecbf5c99931d62bbcec83a2a7%2Fuwu.m3u8"
    },
    {
        "episode": 12,
        "video_url": "https://prxy.miruro.to/m3u8/?url=https%3A%2F%2Fvault-06.padorupado.ru%2Fstream%2F06%2F11%2F583ee7e9add4d608d4656d25fdf3c4c854c17f4118d5e95922e81475ed0ece42%2Fuwu.m3u8"
    }
]