[
    {
        "episode": 1,
        "video_url": "https://prxy.miruro.to/m3u8/?url=https%3A%2F%2Fvault-10.padorupado.ru%2Fstream%2F10%2F16%2F5231e219e1b9c26424c0572d32e5872891db121b89603b1e4ea4045daf17152d%2Fuwu.m3u8"
    },
    {
        "episode": 2,
        "video_url": "https://prxy.miruro.to/m3u8/?url=https%3A%2F%2Fvault-10.padorupado.ru%2Fstream%2F10%2F16%2F56b851f7af08d9ba7529039f0adbe6236bf2f96713bcd4904819112d1eaef2d2%2Fuwu.m3u8"
    },
    {
        "episode": 3,
        "video_url": "https://prxy.miruro.to/m3u8/?url=https%3A%2F%2Fvault-10.padorupado.ru%2Fstream%2F10%2F16%2F9e15da5604f7b977b75437803e07bbfe7c75fd2a772ccda5c229acef1ada0cef%2Fuwu.m3u8"
    },
    {
        "episode": 4,
        "video_url": "https://prxy.miruro.to/m3u8/?url=https%3A%2F%2Fvault-10.padorupado.ru%2Fstream%2F10%2F16%2F0120c2f32e3a32a022f106d2aa3b66d1ad108667c0b9c001524435026144fa19%2Fuwu.m3u8"
    },
    {
        "episode": 5,
        "video_url": "https://prxy.miruro.to/m3u8/?url=https%3A%2F%2Fvault-10.padorupado.ru%2Fstream%2F10%2F16%2Fb2467569cd5dc9ef1cb1219f9464d33b8322447ff0a3937ae7df4af64051d40c%2Fuwu.m3u8"
    },
    {
        "episode": 6,
        "video_url": "https://prxy.miruro.to/m3u8/?url=https%3A%2F%2Fvault-10.padorupado.ru%2Fstream%2F10%2F16%2F66fe297436c51c89129b1e5a704e30a3fba001b44f52c478c3ac495804554d18%2Fuwu.m3u8"
    },
    {
        "episode": 7,
        "video_url": "https://prxy.miruro.to/m3u8/?url=https%3A%2F%2Fvault-10.padorupado.ru%2Fstream%2F10%2F16%2F750885adbc9552177e92814b853bbd4e2916fc223493c970507be5fb58f2de66%2Fuwu.m3u8"
    },
    {
        "episode": 8,
        "video_url": "https://prxy.miruro.to/m3u8/?url=https%3A%2F%2Fvault-10.padorupado.ru%2Fstream%2F10%2F16%2F31e9912a43b38a8cd981ee5af0f2ad87aa2ccd39e2761be986ec867d35049329%2Fuwu.m3u8"
    },
    {
        "episode": 9,
        "video_url": "https://prxy.miruro.to/m3u8/?url=https%3A%2F%2Fvault-10.padorupado.ru%2Fstream%2F10%2F16%2Fdf2f2e6561aa00608c7e56c340f84656ae307257924d98b2d82bc8b5a254c8f8%2Fuwu.m3u8"
    },
    {
        "episode": 10,
        "video_url": "https://prxy.miruro.to/m3u8/?url=https%3A%2F%2Fvault-10.padorupado.ru%2Fstream%2F10%2F16%2F12b75d990f76cadb269d4d1282395b373534dbb5ae3c1833b9d3b7ef2ef322bc%2Fuwu.m3u8"
    },
    {
        "episode": 11,
        "video_url": "https://prxy.miruro.to/m3u8/?url=https%3A%2F%2Fvault-10.padorupado.ru%2Fstream%2F10%2F16%2F83ab0319561cb3fb4e8acf2a854cd9bfe9d3f9e313bc89e5eed51260cb33b8d1%2Fuwu.m3u8"
    },
    {
        "episode": 12,
        "video_url": "https://prxy.miruro.to/m3u8/?url=https%3A%2F%2Fvault-10.padorupado.ru%2Fstream%2F10%2F16%2Fdd447f486df25d2188c8284a8985b91990b99bf64b88d837211d1a98eebdabdf%2Fuwu.m3u8"
    }
]