[
    {
        "episode": 1,
        "video_url": "https://prxy.miruro.to/m3u8/?url=https%3A%2F%2Fvault-06.padorupado.ru%2Fstream%2F06%2F02%2Fa3a8412730899badda8535b5a61178f3a1af8e7a90853f46051d0a71acd58af6%2Fuwu.m3u8"
    },
    {
        "episode": 2,
        "video_url": "https://prxy.miruro.to/m3u8/?url=https%3A%2F%2Fvault-06.padorupado.ru%2Fstream%2F06%2F11%2F21d18bf33c7f0e21f95b2412c0790adf2c710788c649f2bbfdb4c3713c233855%2Fuwu.m3u8"
    },
    {
        "episode": 3,
        "video_url": "https://prxy.miruro.to/m3u8/?url=https%3A%2F%2Fvault-06.padorupado.ru%2Fstream%2F06%2F14%2F57aec4a8295aaa1559d8fa6b5158f95c2b7ce1618713fa919156ddedd38f2dc0%2Fuwu.m3u8"
    },
    {
        "episode": 4,
        "video_url": "https://prxy.miruro.to/m3u8/?url=https%3A%2F%2Fvault-06.padorupado.ru%2Fstream%2F06%2F09%2Fb9b2135a9cce0f8f6c88ed3832bccfef13c58c948b555f304ca403512f98ff10%2Fuwu.m3u8"
    },
    {
        "episode": 5,
        "video_url": "https://prxy.miruro.to/m3u8/?url=https%3A%2F%2Fvault-06.padorupado.ru%2Fstream%2F06%2F06%2F78ecdb0d0f4866eca902084a5391bd0772f79a73d49726364a89d1abe954c699%2Fuwu.m3u8"
    },
    {
        "episode": 6,
        "video_url": "https://prxy.miruro.to/m3u8/?url=https%3A%2F%2Fvault-06.padorupado.ru%2Fstream%2F06%2F13%2F3539e03b878304f45756b9c6f63e5c95a16b41b0d863bb2f75c58f41344612b6%2Fuwu.m3u8"
    },
    {
        "episode": 7,
        "video_url": "https://prxy.miruro.to/m3u8/?url=https%3A%2F%2Fvault-07.padorupado.ru%2Fstream%2F07%2F09%2Fbb72c6f1e07307aca6b02520c4d38720834220b907ebeb96cb708177db3d9a33%2Fuwu.m3u8"
    },
    {
        "episode": 8,
        "video_url": "https://prxy.miruro.to/m3u8/?url=https%3A%2F%2Fvault-07.padorupado.ru%2Fstream%2F07%2F06%2Fa7b9644b31e04c4dd039701e06986eb702a690e92868ddcce809fc3756ee8bf4%2Fuwu.m3u8"
    },
    {
        "episode": 9,
        "video_url": "https://prxy.miruro.to/m3u8/?url=https%3A%2F%2Fvault-06.padorupado.ru%2Fstream%2F06%2F08%2F39fc59a8f7de2307575fb0c4061b3a0cf1d93a15e2791d2c8e89328aa96354c5%2Fuwu.m3u8"
    },
    {
        "episode": 10,
        "video_url": "https://prxy.miruro.to/m3u8/?url=https%3A%2F%2Fvault-06.padorupado.ru%2Fstream%2F06%2F02%2Fc3a58c4716a7f660f625587a47d5be07d14112e39931cffa990333a6ddb14b77%2Fuwu.m3u8"
    },
    {
        "episode": 11,
        "video_url": "https://prxy.miruro.to/m3u8/?url=https%3A%2F%2Fvault-07.padorupado.ru%2Fstream%2F07%2F03%2F7dcaa0147d9d728da4d646e7cd9bcb1530b923350aa8a26f7f29d2f47e0fc4d3%2Fuwu.m3u8"
    },
    {
        "episode": 12,
        "video_url": "https://prxy.miruro.to/m3u8/?url=https%3A%2F%2Fvault-04.padorupado.ru%2Fstream%2F04%2F16%2Fb6fb1bd3eef0fe65f402e454bd5cb88b3bd59a2460c6ea3c24001791a89751d4%2Fuwu.m3u8"
    }
]