[
    {
        "episode": 1,
        "video_url": "https://prxy.miruro.to/m3u8/?url=https%3A%2F%2Fvault-10.padorupado.ru%2Fstream%2F10%2F12%2F9551c7c7e9218f138c2aaf962d274335cd733f3a0c7ab3e636195373cae5178e%2Fuwu.m3u8"
    },
    {
        "episode": 2,
        "video_url": "https://prxy.miruro.to/m3u8/?url=https%3A%2F%2Fvault-10.padorupado.ru%2Fstream%2F10%2F12%2Fd975fbb81e65252d289cfc636c73bbb6bf1f29d983690a72e6befe7f8acf7915%2Fuwu.m3u8"
    },
    {
        "episode": 3,
        "video_url": "https://prxy.miruro.to/m3u8/?url=https%3A%2F%2Fvault-10.padorupado.ru%2Fstream%2F10%2F12%2Fa98a8a6eb91f32918fb55ee2b2d50e809fc0b554728d7f6cf0a5ef237af67769%2Fuwu.m3u8"
    },
    {
        "episode": 4,
        "video_url": "https://prxy.miruro.to/m3u8/?url=https%3A%2F%2Fvault-10.padorupado.ru%2Fstream%2F10%2F12%2F96635dca2ff9ef1ede97667c3e41877621c8738aee7f2e84286a1b5417bf9836%2Fuwu.m3u8"
    },
    {
        "episode": 5,
        "video_url": "https://prxy.miruro.to/m3u8/?url=https%3A%2F%2Fvault-10.padorupado.ru%2Fstream%2F10%2F12%2F6ccc3fabf64d08a538c22ef36edcc28a2cd4c186d211e168dfa6339dbd797b59%2Fuwu.m3u8"
    },
    {
        "episode": 6,
        "video_url": "https://prxy.miruro.to/m3u8/?url=https%3A%2F%2Fvault-10.padorupado.ru%2Fstream%2F10%2F12%2F7a49b403f1e23aa88da187403fabe2b48c8a36118bff1722084d9b768cef6ffd%2Fuwu.m3u8"
    },
    {
        "episode": 7,
        "video_url": "https://prxy.miruro.to/m3u8/?url=https%3A%2F%2Fvault-10.padorupado.ru%2Fstream%2F10%2F12%2F3226fc3bdceff112b7014ff5ad66b7a4c49bbb8e1c56878e0c584ec12887eb7c%2Fuwu.m3u8"
    },
    {
        "episode": 8,
        "video_url": "https://prxy.miruro.to/m3u8/?url=https%3A%2F%2Fvault-10.padorupado.ru%2Fstream%2F10%2F12%2F9127e175a3690cb75548dfb97b353d48fca140230c36d033d3f4052512172642%2Fuwu.m3u8"
    },
    {
        "episode": 9,
        "video_url": "https://prxy.miruro.to/m3u8/?url=https%3A%2F%2Fvault-10.padorupado.ru%2Fstream%2F10%2F12%2F053bcabdf54d4d58b94adba91c51d5513b90a814a0f831897452fa84ea294fe2%2Fuwu.m3u8"
    },
    {
        "episode": 10,
        "video_url": "https://prxy.miruro.to/m3u8/?url=https%3A%2F%2Fvault-10.padorupado.ru%2Fstream%2F10%2F12%2F550b275dc6a8e27ae61df9e7c664c1e5eb2a30e11fd3e73b778c48ba9d9af32a%2Fuwu.m3u8"
    },
    {
        "episode": 11,
        "video_url": "https://prxy.miruro.to/m3u8/?url=https%3A%2F%2Fvault-10.padorupado.ru%2Fstream%2F10%2F12%2Ff3a126012f7da55cb2d0a99cf211616b006e2c170a04efa6a2ccf5767ae99059%2Fuwu.m3u8"
    },
    {
        "episode": 12,
        "video_url": "https://prxy.miruro.to/m3u8/?url=https%3A%2F%2Fvault-10.padorupado.ru%2Fstream%2F10%2F12%2Fbcd973bfa9f11a1eaf411b9d7dce397900baf2a9ca2b605cd7652da0203c7661%2Fuwu.m3u8"
    }
]