[
    {
        "episode": 1,
        "video_url": "https://prxy.miruro.to/m3u8/?url=https%3A%2F%2Fvault-14.kwikie.ru%2Fstream%2F14%2F02%2F0d80dc9d372d88d4acd2de04f45af0b0598c9f303c7230cf34cb11e544ef2329%2Fuwu.m3u8"
    },
    {
        "episode": 2,
        "video_url": "https://prxy.miruro.to/m3u8/?url=https%3A%2F%2Fvault-14.kwikie.ru%2Fstream%2F14%2F02%2F2a7597b2df23d409aa0efb549e54be1a86b0f4afedc68c7c82b7b28236fc7d0a%2Fuwu.m3u8"
    },
    {
        "episode": 3,
        "video_url": "https://prxy.miruro.to/m3u8/?url=https%3A%2F%2Fvault-14.kwikie.ru%2Fstream%2F14%2F02%2Fbcf55dfa359a043e4aa01f608872fa4c4f189a21cd56228caee30fbc0bf65f9b%2Fuwu.m3u8"
    },
    {
        "episode": 4,
        "video_url": "https://prxy.miruro.to/m3u8/?url=https%3A%2F%2Fvault-14.kwikie.ru%2Fstream%2F14%2F02%2F737966a8cbd22462ae3710e69d24f3a1c3a386309b13e28331b7378740e00b99%2Fuwu.m3u8"
    },
    {
        "episode": 5,
        "video_url": "https://prxy.miruro.to/m3u8/?url=https%3A%2F%2Fvault-14.kwikie.ru%2Fstream%2F14%2F02%2Facab2b3eb7c9bd93be707a367f537b5989cbd20f282d70a61722b02c464b61a2%2Fuwu.m3u8"
    },
    {
        "episode": 6,
        "video_url": "https://prxy.miruro.to/m3u8/?url=https%3A%2F%2Fvault-14.kwikie.ru%2Fstream%2F14%2F02%2F804c71f4ef2e88052118578872dd39c92bc87186a5b7fdee38bbe662b0c30fa0%2Fuwu.m3u8"
    },
    {
        "episode": 7,
        "video_url": "https://prxy.miruro.to/m3u8/?url=https%3A%2F%2Fvault-14.kwikie.ru%2Fstream%2F14%2F02%2F02fab02887f7abbabd422409371a0f8050789a4f87bbac9d5d1f9d09e9654077%2Fuwu.m3u8"
    },
    {
        "episode": 8,
        "video_url": "https://prxy.miruro.to/m3u8/?url=https%3A%2F%2Fvault-14.kwikie.ru%2Fstream%2F14%2F02%2F14771592f9ae1f2852c37a41ae7594fc720e9dc1e9ed00e8eff1fbc5b8e32439%2Fuwu.m3u8"
    },
    {
        "episode": 9,
        "video_url": "https://prxy.miruro.to/m3u8/?url=https%3A%2F%2Fvault-14.kwikie.ru%2Fstream%2F14%2F02%2F762c25dd01047d7799083bf97d1007d31687e1a4200ac0a39b261d1fbdf2d31c%2Fuwu.m3u8"
    },
    {
        "episode": 10,
        "video_url": "https://prxy.miruro.to/m3u8/?url=https%3A%2F%2Fvault-14.kwikie.ru%2Fstream%2F14%2F02%2F1865a05c40b3f72ecc7b466c51897ce3716e5ce9a6fa8e42c1c87a84e48fcf92%2Fuwu.m3u8"
    },
    {
        "episode": 11,
        "video_url": "https://prxy.miruro.to/m3u8/?url=https%3A%2F%2Fvault-14.kwikie.ru%2Fstream%2F14%2F02%2F46a3c9efa7f2f80954cbeee0b4f62c965e1e8b5d1619d5a2456487a192987c58%2Fuwu.m3u8"
    },
    {
        "episode": 12,
        "video_url": "https://prxy.miruro.to/m3u8/?url=https%3A%2F%2Fvault-14.kwikie.ru%2Fstream%2F14%2F02%2F3367a66dc179f890a700c7630aad66480b2523fc69105b38ed252c00da16b3ca%2Fuwu.m3u8"
    }
]