[
    {
        "episode": 1,
        "video_url": "https://prxy.miruro.to/m3u8/?url=https%3A%2F%2Fvault-06.padorupado.ru%2Fstream%2F06%2F13%2Fc8f2d46885326fef3651383715212408f19539f168510ec81e4eb7955a99ba7e%2Fuwu.m3u8"
    },
    {
        "episode": 2,
        "video_url": "https://prxy.miruro.to/m3u8/?url=https%3A%2F%2Fvault-05.padorupado.ru%2Fstream%2F05%2F11%2F87ce7aec1c064407afd53b33658bb7002ca27cfc160a73edb9f6faf181f46612%2Fuwu.m3u8"
    },
    {
        "episode": 3,
        "video_url": "https://prxy.miruro.to/m3u8/?url=https%3A%2F%2Fvault-06.padorupado.ru%2Fstream%2F06%2F08%2F1a9052d7ae9360bfa0573b45c7d7a4bc6422dbc681aa7aa77636f742de084bb9%2Fuwu.m3u8"
    },
    {
        "episode": 4,
        "video_url": "https://prxy.miruro.to/m3u8/?url=https%3A%2F%2Fvault-07.padorupado.ru%2Fstream%2F07%2F08%2Fb517c5dee989d1948706315c4ba6897f7cfa1f4de900a9234d43485350324ba7%2Fuwu.m3u8"
    },
    {
        "episode": 5,
        "video_url": "https://prxy.miruro.to/m3u8/?url=https%3A%2F%2Fvault-05.padorupado.ru%2Fstream%2F05%2F09%2F07287c1e5a50aa13778f1aef9efcf5bf5bb696ada471d4df607ae2480bdd1fcc%2Fuwu.m3u8"
    },
    {
        "episode": 6,
        "video_url": "https://prxy.miruro.to/m3u8/?url=https%3A%2F%2Fvault-06.padorupado.ru%2Fstream%2F06%2F06%2Fe064bd04f6a22155928c91a462888185453d20c116ba2d891b13ba63c07250f6%2Fuwu.m3u8"
    },
    {
        "episode": 7,
        "video_url": "https://prxy.miruro.to/m3u8/?url=https%3A%2F%2Fvault-05.padorupado.ru%2Fstream%2F05%2F16%2F6b18b0dcd898587244d60f9d0b271a7964c8464f109e27f40e7662489b7a8d4c%2Fuwu.m3u8"
    },
    {
        "episode": 8,
        "video_url": "https://prxy.miruro.to/m3u8/?url=https%3A%2F%2Fvault-06.padorupado.ru%2Fstream%2F06%2F11%2F525ef3702e2ec6fad276653344f8357b40572a37d7715536ed147a4f5e3a8bba%2Fuwu.m3u8"
    },
    {
        "episode": 9,
        "video_url": "https://prxy.miruro.to/m3u8/?url=https%3A%2F%2Fvault-06.padorupado.ru%2Fstream%2F06%2F16%2F60bf4d4cd85e18079a0ac5ab49e752767a5d4761860297bbba33d3fb52279db6%2Fuwu.m3u8"
    },
    {
        "episode": 10,
        "video_url": "https://prxy.miruro.to/m3u8/?url=https%3A%2F%2Fvault-06.padorupado.ru%2Fstream%2F06%2F15%2Fc7028ede079dbf33b4a437d5a510f7381b3f7b6ee8ea674cbc1591532c7a2392%2Fuwu.m3u8"
    },
    {
        "episode": 11,
        "video_url": "https://prxy.miruro.to/m3u8/?url=https%3A%2F%2Fvault-06.padorupado.ru%2Fstream%2F06%2F06%2F4bd2b6070b07469063404f5a9e534c5aea43b10aeb70bb5f93847fb035782049%2Fuwu.m3u8"
    },
    {
        "episode": 12,
        "video_url": "https://prxy.miruro.to/m3u8/?url=https%3A%2F%2Fvault-06.padorupado.ru%2Fstream%2F06%2F13%2Fc5e4888e90254356cc69c3e722b81329b4a30fa99c54ae07641b19a62cc94c3b%2Fuwu.m3u8"
    }
]