[
    {
        "episode": 1,
        "video_url": "https://prxy.miruro.to/m3u8/?url=https%3A%2F%2Fvault-02.padorupado.ru%2Fstream%2F02%2F06%2F4ffa9ab052043d6d43cfb0b050faa4f8dec94794af0bb9cbac055429212288cb%2Fuwu.m3u8"
    },
    {
        "episode": 2,
        "video_url": "https://prxy.miruro.to/m3u8/?url=https%3A%2F%2Fvault-01.padorupado.ru%2Fstream%2F01%2F10%2Fbf3a35cca093a1fbcf2cce75cc374ea090d2389779a7b6a453f55a3a505f6302%2Fuwu.m3u8"
    },
    {
        "episode": 3,
        "video_url": "https://prxy.miruro.to/m3u8/?url=https%3A%2F%2Fvault-02.padorupado.ru%2Fstream%2F02%2F02%2Faceebf362db5c31e37af57091ddd22ade31dbdebaad41a1ab7e2a5bf39d8d45a%2Fuwu.m3u8"
    },
    {
        "episode": 4,
        "video_url": "https://prxy.miruro.to/m3u8/?url=https%3A%2F%2Fvault-02.padorupado.ru%2Fstream%2F02%2F10%2F4242cf78e03ff13ef95c24d7145627059c9c72e77664a751e6a330659fac1a3c%2Fuwu.m3u8"
    },
    {
        "episode": 5,
        "video_url": "https://prxy.miruro.to/m3u8/?url=https%3A%2F%2Fvault-01.padorupado.ru%2Fstream%2F01%2F06%2F97b57d39e20e11e497dc66e39df9bd957649349393aa7b61cd22e541ef1ae9da%2Fuwu.m3u8"
    },
    {
        "episode": 6,
        "video_url": "https://prxy.miruro.to/m3u8/?url=https%3A%2F%2Fvault-01.padorupado.ru%2Fstream%2F01%2F05%2F618aa00c8ba10ff9c96b3a5d334138c1d135a4429e33ecd42de751b3f7f81dbc%2Fuwu.m3u8"
    },
    {
        "episode": 7,
        "video_url": "https://prxy.miruro.to/m3u8/?url=https%3A%2F%2Fvault-03.padorupado.ru%2Fstream%2F03%2F05%2F1b704c141088a67fd7b5e466046bb389c0ebcdfe70ec25d2c1bef5d9e2c9d903%2Fuwu.m3u8"
    },
    {
        "episode": 8,
        "video_url": "https://prxy.miruro.to/m3u8/?url=https%3A%2F%2Fvault-01.padorupado.ru%2Fstream%2F01%2F05%2F07813252ec10588c8d01ceb4a1ac21fa5c16a45474d4d9f7b5512740ecfa086a%2Fuwu.m3u8"
    },
    {
        "episode": 9,
        "video_url": "https://prxy.miruro.to/m3u8/?url=https%3A%2F%2Fvault-01.padorupado.ru%2Fstream%2F01%2F05%2F6f2e0274e27de929e871a00268cd107522c6aa6a53425524186ddc236ba1b914%2Fuwu.m3u8"
    },
    {
        "episode": 10,
        "video_url": "https://prxy.miruro.to/m3u8/?url=https%3A%2F%2Fvault-07.padorupado.ru%2Fstream%2F07%2F11%2F188a588d1be0003b93065e643b4b359ad0cb362bb68696daa048ca5f2e091004%2Fuwu.m3u8"
    },
    {
        "episode": 11,
        "video_url": "https://prxy.miruro.to/m3u8/?url=https%3A%2F%2Fvault-01.padorupado.ru%2Fstream%2F01%2F06%2F3ff7ea666ec690845a68c441392448dc09ba5d7f0fc87575cb74abd832245f21%2Fuwu.m3u8"
    },
    {
        "episode": 12,
        "video_url": "https://prxy.miruro.to/m3u8/?url=https%3A%2F%2Fvault-02.padorupado.ru%2Fstream%2F02%2F02%2F18fc09c9615881c4fb9383443f5b5adf994c93b74eb9751de941cabeece76702%2Fuwu.m3u8"
    }
]