[
    {
        "episode": 1,
        "video_url": "https://prxy.miruro.to/m3u8/?url=https%3A%2F%2Fvault-11.padorupado.ru%2Fstream%2F11%2F06%2F418dcef9a0a297cf966a367cae026edefa018ca0252abebad5f6d35d42ada3fa%2Fuwu.m3u8"
    },
    {
        "episode": 2,
        "video_url": "https://prxy.miruro.to/m3u8/?url=https%3A%2F%2Fvault-11.padorupado.ru%2Fstream%2F11%2F06%2Fcc39085ffb985508898c011652a0841ae81c4ced98a311478929a07002cea662%2Fuwu.m3u8"
    },
    {
        "episode": 3,
        "video_url": "https://prxy.miruro.to/m3u8/?url=https%3A%2F%2Fvault-11.padorupado.ru%2Fstream%2F11%2F06%2F3644311d2d90e556a5dd3eaed65fb6b024bdc6d7829c875576973a078e499868%2Fuwu.m3u8"
    },
    {
        "episode": 4,
        "video_url": "https://prxy.miruro.to/m3u8/?url=https%3A%2F%2Fvault-11.padorupado.ru%2Fstream%2F11%2F06%2F74e29c9dc3b2356ddb5163b25b78f79552e307f8e3cb6bd26ce59578da3020ca%2Fuwu.m3u8"
    },
    {
        "episode": 5,
        "video_url": "https://prxy.miruro.to/m3u8/?url=https%3A%2F%2Fvault-11.padorupado.ru%2Fstream%2F11%2F06%2Fd11e89db7499340ba908b11590af6a8ef9ca8d8ea949348214cff13a5901924a%2Fuwu.m3u8"
    },
    {
        "episode": 6,
        "video_url": "https://prxy.miruro.to/m3u8/?url=https%3A%2F%2Fvault-11.padorupado.ru%2Fstream%2F11%2F06%2Fa196f5b2b3d20957dd3c485bfcdf6f25ffeac1e2fc0ff62e8b491f53b2497af8%2Fuwu.m3u8"
    },
    {
        "episode": 7,
        "video_url": "https://prxy.miruro.to/m3u8/?url=https%3A%2F%2Fvault-11.padorupado.ru%2Fstream%2F11%2F06%2F04fb28f21534c3d1c9c91f18e9ae1bcf6246ecee8251443ff5cb3d9b6d10ea98%2Fuwu.m3u8"
    },
    {
        "episode": 8,
        "video_url": "https://prxy.miruro.to/m3u8/?url=https%3A%2F%2Fvault-11.padorupado.ru%2Fstream%2F11%2F06%2Ffa083ac5897c90fe01992039116230a78235aacd0cc8e0a66b0d7288f32cba7e%2Fuwu.m3u8"
    },
    {
        "episode": 9,
        "video_url": "https://prxy.miruro.to/m3u8/?url=https%3A%2F%2Fvault-11.padorupado.ru%2Fstream%2F11%2F06%2Fa12640e06fba04621907719592c53ca005cca387c376d6aaa129ed0067bf08cd%2Fuwu.m3u8"
    },
    {
        "episode": 10,
        "video_url": "https://prxy.miruro.to/m3u8/?url=https%3A%2F%2Fvault-11.padorupado.ru%2Fstream%2F11%2F06%2F6ad53bcabe44022882ddf8a4218fd90d12272885738d96d9a1763edf68be15f9%2Fuwu.m3u8"
    },
    {
        "episode": 11,
        "video_url": "https://prxy.miruro.to/m3u8/?url=https%3A%2F%2Fvault-11.padorupado.ru%2Fstream%2F11%2F06%2Fc1a2b498a991af7e34389042317a7202c15e9d6ae7cfa89290646da53277256c%2Fuwu.m3u8"
    },
    {
        "episode": 12,
        "video_url": "https://prxy.miruro.to/m3u8/?url=https%3A%2F%2Fvault-11.padorupado.ru%2Fstream%2F11%2F06%2Fea6d826388e783d0c344d6d3e6ea81ddececc4b2456ff052a811254677eccee9%2Fuwu.m3u8"
    }
]