[
    {
        "episode": 1,
        "video_url": "https://prxy.miruro.to/m3u8/?url=https%3A%2F%2Fvault-13.kwikie.ru%2Fstream%2F13%2F07%2Fcb51bcf88a2983ca45f698ab35bbadf378c5da5e7b330b39d18e05da68c73e54%2Fuwu.m3u8"
    },
    {
        "episode": 2,
        "video_url": "https://prxy.miruro.to/m3u8/?url=https%3A%2F%2Fvault-13.kwikie.ru%2Fstream%2F13%2F07%2Fbff1dd1866aacef849007860c763334a8015283992b1aeb33d8d0106be51d077%2Fuwu.m3u8"
    },
    {
        "episode": 3,
        "video_url": "https://prxy.miruro.to/m3u8/?url=https%3A%2F%2Fvault-13.kwikie.ru%2Fstream%2F13%2F07%2F1f56bd8349e3bafe82b3fcb144035d11080daa01590b4b82473dfde88f648ae1%2Fuwu.m3u8"
    },
    {
        "episode": 4,
        "video_url": "https://prxy.miruro.to/m3u8/?url=https%3A%2F%2Fvault-13.kwikie.ru%2Fstream%2F13%2F07%2Faafe0d1a272678dd7753288a415db798563a3827a2f2896e23e61f0ccfc6f5bc%2Fuwu.m3u8"
    },
    {
        "episode": 5,
        "video_url": "https://prxy.miruro.to/m3u8/?url=https%3A%2F%2Fvault-13.kwikie.ru%2Fstream%2F13%2F07%2Fe0a24ffc862a8e1c4764d1b51964fc2c4e21c49a41179ebef70c3d9b68002221%2Fuwu.m3u8"
    },
    {
        "episode": 6,
        "video_url": "https://prxy.miruro.to/m3u8/?url=https%3A%2F%2Fvault-13.kwikie.ru%2Fstream%2F13%2F07%2F838af728b99fee36b86b6ec6d36e3ac51aadde2fdadab89109f461a57fcb165a%2Fuwu.m3u8"
    },
    {
        "episode": 7,
        "video_url": "https://prxy.miruro.to/m3u8/?url=https%3A%2F%2Fvault-13.kwikie.ru%2Fstream%2F13%2F07%2F08f019d30667d6de007b85efe171f2af13c2fefddf3a776d7d4e51ed951e1c90%2Fuwu.m3u8"
    },
    {
        "episode": 8,
        "video_url": "https://prxy.miruro.to/m3u8/?url=https%3A%2F%2Fvault-13.kwikie.ru%2Fstream%2F13%2F07%2F5d86b774e17a8573c82803d83ad5beb372aee585737e6039a85257ba0f02d794%2Fuwu.m3u8"
    },
    {
        "episode": 9,
        "video_url": "https://prxy.miruro.to/m3u8/?url=https%3A%2F%2Fvault-13.kwikie.ru%2Fstream%2F13%2F07%2Fb908a21a220a02e32e5a1af480e65de936e0930d366b0153cd8b6e58558e2497%2Fuwu.m3u8"
    },
    {
        "episode": 10,
        "video_url": "https://prxy.miruro.to/m3u8/?url=https%3A%2F%2Fvault-13.kwikie.ru%2Fstream%2F13%2F07%2Fdbec7a9c2faafae06072860526c9da897a2e5b25b8809f922015c4e929cbbc7e%2Fuwu.m3u8"
    },
    {
        "episode": 11,
        "video_url": "https://prxy.miruro.to/m3u8/?url=https%3A%2F%2Fvault-13.kwikie.ru%2Fstream%2F13%2F07%2F1f18c30361634bf510b2dc356654d07895b3c3921a93079bb8073feb74057375%2Fuwu.m3u8"
    },
    {
        "episode": 12,
        "video_url": "https://prxy.miruro.to/m3u8/?url=https%3A%2F%2Fvault-13.kwikie.ru%2Fstream%2F13%2F07%2F54928934b90fd194a1a70cc4a0454659c4d17096e65e36624a1bd64fd987317d%2Fuwu.m3u8"
    }
]