[
    {
        "episode": 1,
        "video_url": "https://prxy.miruro.to/m3u8/?url=https%3A%2F%2Fvault-09.padorupado.ru%2Fstream%2F09%2F03%2F587f80a195ecfe65547c3fbc2ebe04aeed70d63a6cea19eb7f56fffd3d9cbd86%2Fuwu.m3u8"
    },
    {
        "episode": 2,
        "video_url": "https://prxy.miruro.to/m3u8/?url=https%3A%2F%2Fvault-09.padorupado.ru%2Fstream%2F09%2F01%2Faea3cc7aaf83410f9e92a6c7c1a1fdec6ab4bdb8cd6cfe1116bab478496b0fb8%2Fuwu.m3u8"
    },
    {
        "episode": 3,
        "video_url": "https://prxy.miruro.to/m3u8/?url=https%3A%2F%2Fvault-09.padorupado.ru%2Fstream%2F09%2F01%2Ff38a86c9cb9596b9df9889896986476f27a89ec90b62f3d64f052bd76bbba836%2Fuwu.m3u8"
    },
    {
        "episode": 4,
        "video_url": "https://prxy.miruro.to/m3u8/?url=https%3A%2F%2Fvault-09.padorupado.ru%2Fstream%2F09%2F06%2Fef31b4b0ee9c5fb8ca4da2033f1252de23f89fdc845881512e88805441bce061%2Fuwu.m3u8"
    },
    {
        "episode": 5,
        "video_url": "https://prxy.miruro.to/m3u8/?url=https%3A%2F%2Fvault-09.padorupado.ru%2Fstream%2F09%2F06%2F8f2cea19645018810ea0dd49ee0326a207e44413e6d9265cbd84676490fc9238%2Fuwu.m3u8"
    },
    {
        "episode": 6,
        "video_url": "https://prxy.miruro.to/m3u8/?url=https%3A%2F%2Fvault-09.padorupado.ru%2Fstream%2F09%2F05%2F38df5dd7c318b9c01c5e5c71db844ef947fbc1e12f84827eadd54b606f16ad76%2Fuwu.m3u8"
    },
    {
        "episode": 7,
        "video_url": "https://prxy.miruro.to/m3u8/?url=https%3A%2F%2Fvault-09.padorupado.ru%2Fstream%2F09%2F09%2F60f3f3985901ec947cd3774c3288c1d7d3a06a2f6150ba844c9b1732b0b1f64f%2Fuwu.m3u8"
    },
    {
        "episode": 8,
        "video_url": "https://prxy.miruro.to/m3u8/?url=https%3A%2F%2Fvault-09.padorupado.ru%2Fstream%2F09%2F04%2F4cbc5b11839e22206ab344ea6c9f68eec0bb9ab8854f7b4ced37b90067242010%2Fuwu.m3u8"
    },
    {
        "episode": 9,
        "video_url": "https://prxy.miruro.to/m3u8/?url=https%3A%2F%2Fvault-09.padorupado.ru%2Fstream%2F09%2F10%2F7e0997f897d8cfdc522c219fd4503e9a30b66e9aa787f7e7a5f6e037c6a9e90b%2Fuwu.m3u8"
    },
    {
        "episode": 10,
        "video_url": "https://prxy.miruro.to/m3u8/?url=https%3A%2F%2Fvault-09.padorupado.ru%2Fstream%2F09%2F05%2Fa0f080cd42505a0ea7c51dc7f489844b602c9e51ab06695d6ee1f84deb3f9a46%2Fuwu.m3u8"
    },
    {
        "episode": 11,
        "video_url": "https://prxy.miruro.to/m3u8/?url=https%3A%2F%2Fvault-09.padorupado.ru%2Fstream%2F09%2F05%2F6e1a626846a6f9b5d382fbed7209033902115b7335b1eb95f01786b504bcc1b6%2Fuwu.m3u8"
    },
    {
        "episode": 12,
        "video_url": "https://prxy.miruro.to/m3u8/?url=https%3A%2F%2Fvault-09.padorupado.ru%2Fstream%2F09%2F03%2Ff49c170f0ce0492bab2e0388c417f9acbacb33ea35ffb5d8f75dcd60ce4b456a%2Fuwu.m3u8"
    }
]