[
    {
        "episode": 1,
        "video_url": "https://prxy.miruro.to/m3u8/?url=https%3A%2F%2Fvault-06.padorupado.ru%2Fstream%2F06%2F15%2F36e7f0c78a96f3f546f42e47df4a26ae5d58e675814f2a02f660d0c52fbd1ad2%2Fuwu.m3u8"
    },
    {
        "episode": 2,
        "video_url": "https://prxy.miruro.to/m3u8/?url=https%3A%2F%2Fvault-05.padorupado.ru%2Fstream%2F05%2F11%2F071c6c1b07901fe85a30569d414784b36024571e64ee41125d1020c6a46073be%2Fuwu.m3u8"
    },
    {
        "episode": 3,
        "video_url": "https://prxy.miruro.to/m3u8/?url=https%3A%2F%2Fvault-06.padorupado.ru%2Fstream%2F06%2F10%2F9b1055a8369102e6de81c0c9e326a61fd739d49d47844dbb61128b9c041a7d64%2Fuwu.m3u8"
    },
    {
        "episode": 4,
        "video_url": "https://prxy.miruro.to/m3u8/?url=https%3A%2F%2Fvault-06.padorupado.ru%2Fstream%2F06%2F15%2F82b39d02602a51df4c41406ee977cedc5977d0133141efc7546735af3a29ae8c%2Fuwu.m3u8"
    },
    {
        "episode": 5,
        "video_url": "https://prxy.miruro.to/m3u8/?url=https%3A%2F%2Fvault-06.padorupado.ru%2Fstream%2F06%2F02%2F298880e633281cc9785f901cc96057128d648e3e5ed16ccbdb0a178420671e89%2Fuwu.m3u8"
    },
    {
        "episode": 6,
        "video_url": "https://prxy.miruro.to/m3u8/?url=https%3A%2F%2Fvault-06.padorupado.ru%2Fstream%2F06%2F05%2F2dda6617d1df2b98c04fd1269e24ab3fecb4cae2f2bbbe7be2803c369e60d553%2Fuwu.m3u8"
    },
    {
        "episode": 7,
        "video_url": "https://prxy.miruro.to/m3u8/?url=https%3A%2F%2Fvault-06.padorupado.ru%2Fstream%2F06%2F08%2Fabb5270b4ca1a911f25844a1422be2de7f5be3f94f63465ec0a41650083e2b58%2Fuwu.m3u8"
    },
    {
        "episode": 8,
        "video_url": "https://prxy.miruro.to/m3u8/?url=https%3A%2F%2Fvault-05.padorupado.ru%2Fstream%2F05%2F14%2F2d9fb69b208c8dff48d568708e0a7fab021457878b1931e6325bea53a654a65c%2Fuwu.m3u8"
    },
    {
        "episode": 9,
        "video_url": "https://prxy.miruro.to/m3u8/?url=https%3A%2F%2Fvault-06.padorupado.ru%2Fstream%2F06%2F12%2Fc8b823de5f4ff966f222c43c6dd429afd4eedd90abd549983ec41244518fe7f7%2Fuwu.m3u8"
    },
    {
        "episode": 10,
        "video_url": "https://prxy.miruro.to/m3u8/?url=https%3A%2F%2Fvault-06.padorupado.ru%2Fstream%2F06%2F07%2Fc9d28403c5281af910dbc30b4d22efa6da95c8a234311b670414c6cd8f716787%2Fuwu.m3u8"
    },
    {
        "episode": 11,
        "video_url": "https://prxy.miruro.to/m3u8/?url=https%3A%2F%2Fvault-06.padorupado.ru%2Fstream%2F06%2F05%2Fbb1609f8cfe6bcc29ec8135da368b32475b3464399a5099170f30ef64482f0b1%2Fuwu.m3u8"
    },
    {
        "episode": 12,
        "video_url": "https://prxy.miruro.to/m3u8/?url=https%3A%2F%2Fvault-05.padorupado.ru%2Fstream%2F05%2F09%2F36244df35167c8199d31e1cec33b9cc7e1b318de016f9253f2b526e83b8c9b72%2Fuwu.m3u8"
    }
]