[
    {
        "episode": 1,
        "video_url": "https://prxy.miruro.to/m3u8/?url=https%3A%2F%2Fvault-13.kwikie.ru%2Fstream%2F13%2F15%2F4996d45d50497ce2a6440f7b6863662efde8fc66170eef839f58f5a723267294%2Fuwu.m3u8"
    },
    {
        "episode": 2,
        "video_url": "https://prxy.miruro.to/m3u8/?url=https%3A%2F%2Fvault-13.kwikie.ru%2Fstream%2F13%2F15%2F478ab8f0c830172880d0c7a3adb7a71f29426544e9ef7319e43f5c9c3c059206%2Fuwu.m3u8"
    },
    {
        "episode": 3,
        "video_url": "https://prxy.miruro.to/m3u8/?url=https%3A%2F%2Fvault-13.kwikie.ru%2Fstream%2F13%2F15%2Fb7664ac2419781a69c5f5dbe8c970083272d1c477908a23cd3a9c49814e946d8%2Fuwu.m3u8"
    },
    {
        "episode": 4,
        "video_url": "https://prxy.miruro.to/m3u8/?url=https%3A%2F%2Fvault-13.kwikie.ru%2Fstream%2F13%2F15%2F62ca4a452bc3e4b31e645e387a520b8a41a4dd0d42c6ab83c8d7bbcf2a2b7dc2%2Fuwu.m3u8"
    },
    {
        "episode": 5,
        "video_url": "https://prxy.miruro.to/m3u8/?url=https%3A%2F%2Fvault-13.kwikie.ru%2Fstream%2F13%2F15%2Ff8e913b1efff6ec04b982ab6ac83428cc5177d7c7e942dd6466d183a1cf323e2%2Fuwu.m3u8"
    },
    {
        "episode": 6,
        "video_url": "https://prxy.miruro.to/m3u8/?url=https%3A%2F%2Fvault-13.kwikie.ru%2Fstream%2F13%2F15%2Fe975036031934bc043179667335cd2807f03334e398e54a1b048d8111f0105b8%2Fuwu.m3u8"
    },
    {
        "episode": 7,
        "video_url": "https://prxy.miruro.to/m3u8/?url=https%3A%2F%2Fvault-13.kwikie.ru%2Fstream%2F13%2F15%2Fd2a97bde92097fc7e33ba42c511c9a6a2ab0fd043115cc500205152d624ac852%2Fuwu.m3u8"
    },
    {
        "episode": 8,
        "video_url": "https://prxy.miruro.to/m3u8/?url=https%3A%2F%2Fvault-13.kwikie.ru%2Fstream%2F13%2F15%2Ffdbae0e38cbce105023b4491d2bc7ef1bdcb63719af094fcb75883ad54f2947c%2Fuwu.m3u8"
    },
    {
        "episode": 9,
        "video_url": "https://prxy.miruro.to/m3u8/?url=https%3A%2F%2Fvault-13.kwikie.ru%2Fstream%2F13%2F15%2Fbf7d44192366ea8ee6d52136622490bb053882f3771c651b1f7a1d534ec42518%2Fuwu.m3u8"
    },
    {
        "episode": 10,
        "video_url": "https://prxy.miruro.to/m3u8/?url=https%3A%2F%2Fvault-13.kwikie.ru%2Fstream%2F13%2F15%2Fdf6edb1ea0b206f66e1fa7a4db2c17ca6bcff179faf0c74bcd9735f5d1615f2e%2Fuwu.m3u8"
    },
    {
        "episode": 11,
        "video_url": "https://prxy.miruro.to/m3u8/?url=https%3A%2F%2Fvault-13.kwikie.ru%2Fstream%2F13%2F15%2F245e425072f169156fd7ddbeaa0bd42d5d383a24d6b332fec5323be6fa3284ff%2Fuwu.m3u8"
    },
    {
        "episode": 12,
        "video_url": "https://prxy.miruro.to/m3u8/?url=https%3A%2F%2Fvault-13.kwikie.ru%2Fstream%2F13%2F15%2F8e44cac8d11739f46559c53caebf3e2db6f39bdbd8e4f4a00bda2f7b701af58d%2Fuwu.m3u8"
    }
]