[
    {
        "episode": 1,
        "video_url": "https://prxy.miruro.to/m3u8/?url=https%3A%2F%2Fvault-11.padorupado.ru%2Fstream%2F11%2F12%2F2283bbe680331ad6247fd1f9ccd6d39d263ed8b1ffaf70fc9cbc22881616c996%2Fuwu.m3u8"
    },
    {
        "episode": 2,
        "video_url": "https://prxy.miruro.to/m3u8/?url=https%3A%2F%2Fvault-11.padorupado.ru%2Fstream%2F11%2F12%2F3561bef5f38f014105e02d61fecd83bd43339b679620d33b02a29d5a7c39afb7%2Fuwu.m3u8"
    },
    {
        "episode": 3,
        "video_url": "https://prxy.miruro.to/m3u8/?url=https%3A%2F%2Fvault-11.padorupado.ru%2Fstream%2F11%2F12%2F78eb1abb7d16e3d22df182324ca2c1cd76fc382194d19cfbed224375a88a9b55%2Fuwu.m3u8"
    },
    {
        "episode": 4,
        "video_url": "https://prxy.miruro.to/m3u8/?url=https%3A%2F%2Fvault-11.padorupado.ru%2Fstream%2F11%2F12%2F9f60266f51a7eb54ab6384791680df16697847e06e2c09ced32a30adfc0852e8%2Fuwu.m3u8"
    },
    {
        "episode": 5,
        "video_url": "https://prxy.miruro.to/m3u8/?url=https%3A%2F%2Fvault-11.padorupado.ru%2Fstream%2F11%2F12%2F2f3525bf6273d66692310942d23250dd10cd8dc44dbf274fd0754affc150c112%2Fuwu.m3u8"
    },
    {
        "episode": 6,
        "video_url": "https://prxy.miruro.to/m3u8/?url=https%3A%2F%2Fvault-11.padorupado.ru%2Fstream%2F11%2F12%2F05b1b1faac1410bb924912c6b64594546cdfd137c3a67c5fbbe481ac06321475%2Fuwu.m3u8"
    },
    {
        "episode": 7,
        "video_url": "https://prxy.miruro.to/m3u8/?url=https%3A%2F%2Fvault-11.padorupado.ru%2Fstream%2F11%2F12%2F04b61de566f9e4991cd211d566652a38490caf84413fca332c54f2f117e1d2df%2Fuwu.m3u8"
    },
    {
        "episode": 8,
        "video_url": "https://prxy.miruro.to/m3u8/?url=https%3A%2F%2Fvault-11.padorupado.ru%2Fstream%2F11%2F12%2F70d0fd7c483043607729ee2d3007c0afe97e1c6a193c9fddbb2651054c27d7ed%2Fuwu.m3u8"
    },
    {
        "episode": 9,
        "video_url": "https://prxy.miruro.to/m3u8/?url=https%3A%2F%2Fvault-11.padorupado.ru%2Fstream%2F11%2F12%2F1bfc717f0114404d248ee0e6d48217ce8c4300c0a506dfa0bbdd78e15c7e991c%2Fuwu.m3u8"
    },
    {
        "episode": 10,
        "video_url": "https://prxy.miruro.to/m3u8/?url=https%3A%2F%2Fvault-11.padorupado.ru%2Fstream%2F11%2F12%2F2cf5a1828022b1fbe4f51fda8c56f8ef53a0a9521576e509d9704f8f2aae1355%2Fuwu.m3u8"
    },
    {
        "episode": 11,
        "video_url": "https://prxy.miruro.to/m3u8/?url=https%3A%2F%2Fvault-11.padorupado.ru%2Fstream%2F11%2F12%2F560f0b2efe1b672096afbdf56e06133b95a69cbac9813e20552444ae0392a5ad%2Fuwu.m3u8"
    },
    {
        "episode": 12,
        "video_url": "https://prxy.miruro.to/m3u8/?url=https%3A%2F%2Fvault-11.padorupado.ru%2Fstream%2F11%2F12%2Fbf2ea1d2d565fe4cbeda4a8d2a7c0b3a0b31ba2b1abb1511411b8e08c2c0162b%2Fuwu.m3u8"
    }
]