[
    {
        "episode": 1,
        "video_url": "https://prxy.miruro.to/m3u8/?url=https%3A%2F%2Fvault-13.kwikie.ru%2Fstream%2F13%2F07%2F72eb1b6e1feb227d0600aa32182d6e27208c9ecb02da6aff80357b941d3f4c69%2Fuwu.m3u8"
    },
    {
        "episode": 2,
        "video_url": "https://prxy.miruro.to/m3u8/?url=https%3A%2F%2Fvault-13.kwikie.ru%2Fstream%2F13%2F07%2F6ecfc06c43077bbdf4b56011779d3dc8f8ceb8250ba975a1224167809853c2aa%2Fuwu.m3u8"
    },
    {
        "episode": 3,
        "video_url": "https://prxy.miruro.to/m3u8/?url=https%3A%2F%2Fvault-13.kwikie.ru%2Fstream%2F13%2F07%2Fc7f9c5052e6b0d5cbe894a62ba91b684f70b93886978d15272cbc04b333ccede%2Fuwu.m3u8"
    },
    {
        "episode": 4,
        "video_url": "https://prxy.miruro.to/m3u8/?url=https%3A%2F%2Fvault-13.kwikie.ru%2Fstream%2F13%2F07%2F295d229630c0eedf7bcf42647bc4602670f90c8d76391b26b1713728959828aa%2Fuwu.m3u8"
    },
    {
        "episode": 5,
        "video_url": "https://prxy.miruro.to/m3u8/?url=https%3A%2F%2Fvault-13.kwikie.ru%2Fstream%2F13%2F07%2Fe7369b607ff88961f80c36db173e4f1f1dfde87e139a3786d8c1058ad68958a6%2Fuwu.m3u8"
    },
    {
        "episode": 6,
        "video_url": "https://prxy.miruro.to/m3u8/?url=https%3A%2F%2Fvault-13.kwikie.ru%2Fstream%2F13%2F07%2F1f6104b0996f63c8d287185613e5393fec954ef77051072f6c8cb7e8c944b570%2Fuwu.m3u8"
    },
    {
        "episode": 7,
        "video_url": "https://prxy.miruro.to/m3u8/?url=https%3A%2F%2Fvault-13.kwikie.ru%2Fstream%2F13%2F07%2F79bc35829e22b86ce1cc07e3831c7046c7b87986fce5fee6a7ff254ba131e4da%2Fuwu.m3u8"
    },
    {
        "episode": 8,
        "video_url": "https://prxy.miruro.to/m3u8/?url=https%3A%2F%2Fvault-13.kwikie.ru%2Fstream%2F13%2F07%2Fc7560085274c6a9b82a1792b50d47dadb296671624e94dcb5b61cafb3a2eaa62%2Fuwu.m3u8"
    },
    {
        "episode": 9,
        "video_url": "https://prxy.miruro.to/m3u8/?url=https%3A%2F%2Fvault-13.kwikie.ru%2Fstream%2F13%2F07%2Fbef9aeeb5473a265c7f54fb07287bcdbfccabe9c1dda6d5381f83d31bae66379%2Fuwu.m3u8"
    },
    {
        "episode": 10,
        "video_url": "https://prxy.miruro.to/m3u8/?url=https%3A%2F%2Fvault-13.kwikie.ru%2Fstream%2F13%2F07%2F09baef66dd1b6c9cda1903ccf0474cfe0ab441fcaff34b13e2e49028c851ae1c%2Fuwu.m3u8"
    },
    {
        "episode": 11,
        "video_url": "https://prxy.miruro.to/m3u8/?url=https%3A%2F%2Fvault-13.kwikie.ru%2Fstream%2F13%2F07%2Fe9a33c2b8c0bcbbce62b03b16488f2607cdea9be9b73c58fbb4cddce2d93a964%2Fuwu.m3u8"
    },
    {
        "episode": 12,
        "video_url": "https://prxy.miruro.to/m3u8/?url=https%3A%2F%2Fvault-13.kwikie.ru%2Fstream%2F13%2F07%2F8384eb862771ab5234f2ab586681dead32adeb8d3b1c8eed3a070c3e4acb7a08%2Fuwu.m3u8"
    }
]