[
    {
        "episode": 1,
        "video_url": "https://prxy.miruro.to/m3u8/?url=https%3A%2F%2Fvault-01.padorupado.ru%2Fstream%2F01%2F03%2Fb92a392054c041a3f9c6eecabeb0e127183f44e547828447b10bca8d77523e6f%2Fuwu.m3u8"
    },
    {
        "episode": 2,
        "video_url": "https://prxy.miruro.to/m3u8/?url=https%3A%2F%2Fvault-02.padorupado.ru%2Fstream%2F02%2F02%2Fd8d17d8b3895723a757b28a0b2991270d1e463c8cb33adef32f5136e18398183%2Fuwu.m3u8"
    },
    {
        "episode": 3,
        "video_url": "https://prxy.miruro.to/m3u8/?url=https%3A%2F%2Fvault-03.padorupado.ru%2Fstream%2F03%2F03%2F4cd3f01ee2c8f9bddc01374a89f0591f41b7ac1e30d807e6dc7ea579a0c374ef%2Fuwu.m3u8"
    },
    {
        "episode": 4,
        "video_url": "https://prxy.miruro.to/m3u8/?url=https%3A%2F%2Fvault-03.padorupado.ru%2Fstream%2F03%2F06%2F3bafac2c85f5e4efc514323e09906a9061e71e4aa1a7834c05c7bb890343a70e%2Fuwu.m3u8"
    },
    {
        "episode": 5,
        "video_url": "https://prxy.miruro.to/m3u8/?url=https%3A%2F%2Fvault-02.padorupado.ru%2Fstream%2F02%2F15%2F0ac1cbaa608aa501aef32bdea2759d074950e2e3a09b672291450c0041475bca%2Fuwu.m3u8"
    },
    {
        "episode": 6,
        "video_url": "https://prxy.miruro.to/m3u8/?url=https%3A%2F%2Fvault-01.padorupado.ru%2Fstream%2F01%2F16%2F865eb30a3258b7dcbea4d0c95f766f4c3fa95d424d797de6899bd4a6f111ddfc%2Fuwu.m3u8"
    },
    {
        "episode": 7,
        "video_url": "https://prxy.miruro.to/m3u8/?url=https%3A%2F%2Fvault-02.padorupado.ru%2Fstream%2F02%2F03%2F86ff0eb8be18ba185155e0fdf426f811ec9407630b977bd5a0b2d6d195742f94%2Fuwu.m3u8"
    },
    {
        "episode": 8,
        "video_url": "https://prxy.miruro.to/m3u8/?url=https%3A%2F%2Fvault-02.padorupado.ru%2Fstream%2F02%2F04%2Ffaa204161ddde09c344427f1d8fbf33f06b0437510dfaab4566aafdacdc8b24a%2Fuwu.m3u8"
    },
    {
        "episode": 9,
        "video_url": "https://prxy.miruro.to/m3u8/?url=https%3A%2F%2Fvault-01.padorupado.ru%2Fstream%2F01%2F02%2F377627970ceb8789ed6a0229e475e4070be5c7fca2b74a6323b573c00659497d%2Fuwu.m3u8"
    },
    {
        "episode": 10,
        "video_url": "https://prxy.miruro.to/m3u8/?url=https%3A%2F%2Fvault-01.padorupado.ru%2Fstream%2F01%2F02%2F4e5df36b482bcf35aee60068a8c385188ae4dc1633c1e1e78bb694339f9a6d74%2Fuwu.m3u8"
    },
    {
        "episode": 11,
        "video_url": "https://prxy.miruro.to/m3u8/?url=https%3A%2F%2Fvault-01.padorupado.ru%2Fstream%2F01%2F13%2F4616497a42b8b8eb4e632b74720c4510d3ca25152a587dd435846b0fa8cad06c%2Fuwu.m3u8"
    },
    {
        "episode": 12,
        "video_url": "https://prxy.miruro.to/m3u8/?url=https%3A%2F%2Fvault-01.padorupado.ru%2Fstream%2F01%2F15%2Fe2a02fe68a3e803a38af6311364074c5c31983163d72650a493a40b84370eadf%2Fuwu.m3u8"
    }
]