[
    {
        "episode": 1,
        "video_url": "https://prxy.miruro.to/m3u8/?url=https%3A%2F%2Fvault-09.padorupado.ru%2Fstream%2F09%2F06%2F11eb5ed757c3b031b5658f1991d5d84f7525e068fe16e1c81f40b6067b9ee7ad%2Fuwu.m3u8"
    },
    {
        "episode": 2,
        "video_url": "https://prxy.miruro.to/m3u8/?url=https%3A%2F%2Fvault-09.padorupado.ru%2Fstream%2F09%2F04%2Fd90623bf6d49d6c11f91d0160c4b083f9aa74f6895de06e40b20de1e6198d09c%2Fuwu.m3u8"
    },
    {
        "episode": 3,
        "video_url": "https://prxy.miruro.to/m3u8/?url=https%3A%2F%2Fvault-09.padorupado.ru%2Fstream%2F09%2F02%2Fa5ae527235341b6278020a0b01a08174fa1c9c3c606eb4dd573fc324a1188b7b%2Fuwu.m3u8"
    },
    {
        "episode": 4,
        "video_url": "https://prxy.miruro.to/m3u8/?url=https%3A%2F%2Fvault-09.padorupado.ru%2Fstream%2F09%2F05%2F02473b0bd8e163c2225f700d98b5bcd2d811b790dd0025cada9001fac4ea0c89%2Fuwu.m3u8"
    },
    {
        "episode": 5,
        "video_url": "https://prxy.miruro.to/m3u8/?url=https%3A%2F%2Fvault-09.padorupado.ru%2Fstream%2F09%2F02%2F8dfc5bd1f8e4d69ff42e206242b4bb5cb989a57925848988ecf303cd26bb27fd%2Fuwu.m3u8"
    },
    {
        "episode": 6,
        "video_url": "https://prxy.miruro.to/m3u8/?url=https%3A%2F%2Fvault-09.padorupado.ru%2Fstream%2F09%2F05%2F60eeb3f45df1ce972d11baf7c38b747bfa7f6964ec1022c3b43d4439c2aae7da%2Fuwu.m3u8"
    },
    {
        "episode": 7,
        "video_url": "https://prxy.miruro.to/m3u8/?url=https%3A%2F%2Fvault-09.padorupado.ru%2Fstream%2F09%2F03%2F96ed16cee2c7d1588cb78f6465b5ca2b5d82ead21c99adc87a830316bb111ffd%2Fuwu.m3u8"
    },
    {
        "episode": 8,
        "video_url": "https://prxy.miruro.to/m3u8/?url=https%3A%2F%2Fvault-09.padorupado.ru%2Fstream%2F09%2F05%2F3052f0a8f8fe4c81019a159389b1ad616d7b88298c9c2ed7844da8bc4c38b194%2Fuwu.m3u8"
    },
    {
        "episode": 9,
        "video_url": "https://prxy.miruro.to/m3u8/?url=https%3A%2F%2Fvault-09.padorupado.ru%2Fstream%2F09%2F01%2Fa0faf5b57f459cfe67c451a1e729a04ef8df0865113ce6af1c8a2aa3109014bb%2Fuwu.m3u8"
    },
    {
        "episode": 10,
        "video_url": "https://prxy.miruro.to/m3u8/?url=https%3A%2F%2Fvault-09.padorupado.ru%2Fstream%2F09%2F04%2F461cfa282089edcd0599e4705afb3b2c3bb529658289c73a6fa1309af66a46be%2Fuwu.m3u8"
    },
    {
        "episode": 11,
        "video_url": "https://prxy.miruro.to/m3u8/?url=https%3A%2F%2Fvault-09.padorupado.ru%2Fstream%2F09%2F03%2F2d3c15cc6477b983d76182467617ce3c1ff9a5b364c128ba9ce033a902cd02c6%2Fuwu.m3u8"
    },
    {
        "episode": 12,
        "video_url": "https://prxy.miruro.to/m3u8/?url=https%3A%2F%2Fvault-09.padorupado.ru%2Fstream%2F09%2F09%2F2c5fd0ded6413f3a257a230c70cd626148b252a3d265f928d1593b6cf4e9c1d9%2Fuwu.m3u8"
    }
]