[
    {
        "episode": 1,
        "video_url": "https://prxy.miruro.to/m3u8/?url=https%3A%2F%2Fvault-10.padorupado.ru%2Fstream%2F10%2F14%2Fa1e45fcfdc7cc4efd3ce3ea817b3fc99d51560ef14d572c144fe5865c57b3e94%2Fuwu.m3u8"
    },
    {
        "episode": 2,
        "video_url": "https://prxy.miruro.to/m3u8/?url=https%3A%2F%2Fvault-10.padorupado.ru%2Fstream%2F10%2F14%2Fc71b55b0fb7b5a00e611fa4fb1a0bc49ff5d51258fef72e76a0dca2656ac80ef%2Fuwu.m3u8"
    },
    {
        "episode": 3,
        "video_url": "https://prxy.miruro.to/m3u8/?url=https%3A%2F%2Fvault-10.padorupado.ru%2Fstream%2F10%2F14%2F8f168232ce757d8631fe946c55c3f34d93546ad35ad73b24acd9f2d845dcdd9d%2Fuwu.m3u8"
    },
    {
        "episode": 4,
        "video_url": "https://prxy.miruro.to/m3u8/?url=https%3A%2F%2Fvault-10.padorupado.ru%2Fstream%2F10%2F14%2Fa22753d3c2baa0d447e45baca9f2d14a36fce6e239b93828fe2c9b625cbc7726%2Fuwu.m3u8"
    },
    {
        "episode": 5,
        "video_url": "https://prxy.miruro.to/m3u8/?url=https%3A%2F%2Fvault-10.padorupado.ru%2Fstream%2F10%2F14%2Ff72f7320b41f86eac00e2b20e2c21c37ec717ebcc108b87e73bab067ab127419%2Fuwu.m3u8"
    },
    {
        "episode": 6,
        "video_url": "https://prxy.miruro.to/m3u8/?url=https%3A%2F%2Fvault-10.padorupado.ru%2Fstream%2F10%2F14%2F35fe6aa542fc7106003036d4607e73d425d64d497abb12cbfdb3474f7f46df50%2Fuwu.m3u8"
    },
    {
        "episode": 7,
        "video_url": "https://prxy.miruro.to/m3u8/?url=https%3A%2F%2Fvault-10.padorupado.ru%2Fstream%2F10%2F14%2F700e9624189d831664e4683050fd2e9f1cd92efa11dad4573a079bf3604a3b99%2Fuwu.m3u8"
    },
    {
        "episode": 8,
        "video_url": "https://prxy.miruro.to/m3u8/?url=https%3A%2F%2Fvault-10.padorupado.ru%2Fstream%2F10%2F14%2Ff99486a55fb8b52fe158c990d2b475d3933962d1bf7cfefe01f38058b4f515d3%2Fuwu.m3u8"
    },
    {
        "episode": 9,
        "video_url": "https://prxy.miruro.to/m3u8/?url=https%3A%2F%2Fvault-10.padorupado.ru%2Fstream%2F10%2F14%2Fec528ca24c81cf27b4a21aabfe2364c45468e8ccb39210c827f69f25760e4fa2%2Fuwu.m3u8"
    },
    {
        "episode": 10,
        "video_url": "https://prxy.miruro.to/m3u8/?url=https%3A%2F%2Fvault-10.padorupado.ru%2Fstream%2F10%2F14%2F97daa1059cda8f1af4a000b17a5b2fd7d45c1353ca17751eb7680ee575e53d6c%2Fuwu.m3u8"
    },
    {
        "episode": 11,
        "video_url": "https://prxy.miruro.to/m3u8/?url=https%3A%2F%2Fvault-10.padorupado.ru%2Fstream%2F10%2F14%2Fb551a383fab116013f5d2e2715e89b3e75ed8dae7fa987f7e2ef3411e360bfc8%2Fuwu.m3u8"
    },
    {
        "episode": 12,
        "video_url": "https://prxy.miruro.to/m3u8/?url=https%3A%2F%2Fvault-10.padorupado.ru%2Fstream%2F10%2F14%2Fd829b4edbe5b1eb98e47e40bf1cba40053984280f38188cf183fee1c0e91aa74%2Fuwu.m3u8"
    }
]