[
    {
        "episode": 1,
        "video_url": "https://prxy.miruro.to/m3u8/?url=https%3A%2F%2Fvault-10.padorupado.ru%2Fstream%2F10%2F09%2Fb9c15bdc1bca8639ee8cb882cda8bda9885b7afe08b2d97ab7f36d816be7d02d%2Fuwu.m3u8"
    },
    {
        "episode": 2,
        "video_url": "https://prxy.miruro.to/m3u8/?url=https%3A%2F%2Fvault-10.padorupado.ru%2Fstream%2F10%2F09%2Ff345e6410b3444bd30517ba9fdf64e851d370aacc13cd26dbf1f617d61baf555%2Fuwu.m3u8"
    },
    {
        "episode": 3,
        "video_url": "https://prxy.miruro.to/m3u8/?url=https%3A%2F%2Fvault-10.padorupado.ru%2Fstream%2F10%2F09%2F12c7bbc412d8bb1776350b55241bc6da840f65906e7629f009f38ca51b3ae837%2Fuwu.m3u8"
    },
    {
        "episode": 4,
        "video_url": "https://prxy.miruro.to/m3u8/?url=https%3A%2F%2Fvault-10.padorupado.ru%2Fstream%2F10%2F09%2Fe678bfa3293633002f7ac1751abbfa7946866ed2234a89701ab10f3f7fe96760%2Fuwu.m3u8"
    },
    {
        "episode": 5,
        "video_url": "https://prxy.miruro.to/m3u8/?url=https%3A%2F%2Fvault-10.padorupado.ru%2Fstream%2F10%2F09%2F4835776be1b46d6ed42465acc987d8ac95ffc63925f8ff74b2b41dc6039853ad%2Fuwu.m3u8"
    },
    {
        "episode": 6,
        "video_url": "https://prxy.miruro.to/m3u8/?url=https%3A%2F%2Fvault-10.padorupado.ru%2Fstream%2F10%2F09%2Fdb8090f7d9053cc8e71376bc5557f51b44cfa46f565d497135509b2aef30cfeb%2Fuwu.m3u8"
    },
    {
        "episode": 7,
        "video_url": "https://prxy.miruro.to/m3u8/?url=https%3A%2F%2Fvault-10.padorupado.ru%2Fstream%2F10%2F09%2F37c6f97929dffb7ad28978b8377168bb0344c5d83596f92fe777a15d301e2275%2Fuwu.m3u8"
    },
    {
        "episode": 8,
        "video_url": "https://prxy.miruro.to/m3u8/?url=https%3A%2F%2Fvault-10.padorupado.ru%2Fstream%2F10%2F09%2F237b3b706b110754f95823a4d84390fba24c97fb82cda2a6ab6473c2aae48c1c%2Fuwu.m3u8"
    },
    {
        "episode": 9,
        "video_url": "https://prxy.miruro.to/m3u8/?url=https%3A%2F%2Fvault-10.padorupado.ru%2Fstream%2F10%2F09%2F3ba72b36d92d0a8bae6aca3f065908b3d802b2ba0ff858a528e4c172ee6ec338%2Fuwu.m3u8"
    },
    {
        "episode": 10,
        "video_url": "https://prxy.miruro.to/m3u8/?url=https%3A%2F%2Fvault-10.padorupado.ru%2Fstream%2F10%2F09%2F50de43bcdd748454e5e5b20c3b5369e2462422f4011a7898b0f65ce6de84f533%2Fuwu.m3u8"
    },
    {
        "episode": 11,
        "video_url": "https://prxy.miruro.to/m3u8/?url=https%3A%2F%2Fvault-10.padorupado.ru%2Fstream%2F10%2F09%2F35d1a7ea0a41039a3c499abf65e1ce223a712214da173a323987efdefc1721c7%2Fuwu.m3u8"
    },
    {
        "episode": 12,
        "video_url": "https://prxy.miruro.to/m3u8/?url=https%3A%2F%2Fvault-10.padorupado.ru%2Fstream%2F10%2F09%2Fc639ca18b157b7e17b33e16f11cd368a9a24f32e5535114d8b530b0854d78a1d%2Fuwu.m3u8"
    }
]