[
    {
        "episode": 1,
        "video_url": "https://prxy.miruro.to/m3u8/?url=https%3A%2F%2Fvault-06.padorupado.ru%2Fstream%2F06%2F03%2F1b88431d5f72c83a3bc9ca06f1644b172f29d190dc999e9c338f848b68449dec%2Fuwu.m3u8"
    },
    {
        "episode": 2,
        "video_url": "https://prxy.miruro.to/m3u8/?url=https%3A%2F%2Fvault-06.padorupado.ru%2Fstream%2F06%2F03%2Fa35c94e4603b118536d7243383ffe0c600f903ad61747b80879c9779485ff899%2Fuwu.m3u8"
    },
    {
        "episode": 3,
        "video_url": "https://prxy.miruro.to/m3u8/?url=https%3A%2F%2Fvault-06.padorupado.ru%2Fstream%2F06%2F03%2F524b97a1682e366f2a56a8761087f4bcee31ce02daf00889f629d37f89ecabae%2Fuwu.m3u8"
    },
    {
        "episode": 4,
        "video_url": "https://prxy.miruro.to/m3u8/?url=https%3A%2F%2Fvault-06.padorupado.ru%2Fstream%2F06%2F03%2F30d39baa30755fc5de65c78105bbdf019927a23eadd24bdc3d6ab1e6c840d9d8%2Fuwu.m3u8"
    },
    {
        "episode": 5,
        "video_url": "https://prxy.miruro.to/m3u8/?url=https%3A%2F%2Fvault-06.padorupado.ru%2Fstream%2F06%2F04%2Fdc912218a68b7d41c905bf9ac291af3ca05755bf20ee6b8ba26a0de223a35015%2Fuwu.m3u8"
    },
    {
        "episode": 6,
        "video_url": "https://prxy.miruro.to/m3u8/?url=https%3A%2F%2Fvault-06.padorupado.ru%2Fstream%2F06%2F04%2Fa14befee967696b2f349f1d1a035c0752eec861c2573fd3e2f053b3888023dce%2Fuwu.m3u8"
    },
    {
        "episode": 7,
        "video_url": "https://prxy.miruro.to/m3u8/?url=https%3A%2F%2Fvault-06.padorupado.ru%2Fstream%2F06%2F04%2Fc6696fd61a854256102b3b7a899992a607b13ae953432e1c5d0e6819de9fc156%2Fuwu.m3u8"
    },
    {
        "episode": 8,
        "video_url": "https://prxy.miruro.to/m3u8/?url=https%3A%2F%2Fvault-06.padorupado.ru%2Fstream%2F06%2F04%2F71f89fb64fb8e46359130c75675f60036253d38d332b78d94e8999fa8a1e4b0a%2Fuwu.m3u8"
    },
    {
        "episode": 9,
        "video_url": "https://prxy.miruro.to/m3u8/?url=https%3A%2F%2Fvault-06.padorupado.ru%2Fstream%2F06%2F04%2Fd2429e677a5e6f7d9fe959d300a22306f93ee8d955a39c970cf7477274d590cb%2Fuwu.m3u8"
    },
    {
        "episode": 10,
        "video_url": "https://prxy.miruro.to/m3u8/?url=https%3A%2F%2Fvault-06.padorupado.ru%2Fstream%2F06%2F04%2Fe955a1fceb71a367f5fd88dbbe276861b062971fc6eb3c23a044596853378d1c%2Fuwu.m3u8"
    },
    {
        "episode": 11,
        "video_url": "https://prxy.miruro.to/m3u8/?url=https%3A%2F%2Fvault-06.padorupado.ru%2Fstream%2F06%2F04%2F8fd134d0fb45900b761d44154ecf6281f7ef77852353ef08495c4e5bd82c137d%2Fuwu.m3u8"
    },
    {
        "episode": 12,
        "video_url": "https://prxy.miruro.to/m3u8/?url=https%3A%2F%2Fvault-06.padorupado.ru%2Fstream%2F06%2F04%2F4c3ade8af2bf0a68398bde1d1996c582e0d969d5a6792fd51e32fd79b0cf83db%2Fuwu.m3u8"
    }
]