[
    {
        "episode": 1,
        "video_url": "https://www.miruro.tv/watch?id=5114&ep=1"
    },
    {
        "episode": 2,
        "video_url": "https://prxy.miruro.to/m3u8/?url=https%3A%2F%2Fvault-02.padorupado.ru%2Fstream%2F02%2F01%2F3c448f5053141812103588d8666001a99a6c53f59691643bde14883208ed05f2%2Fuwu.m3u8"
    },
    {
        "episode": 3,
        "video_url": "https://prxy.miruro.to/m3u8/?url=https%3A%2F%2Fvault-02.padorupado.ru%2Fstream%2F02%2F01%2F91fbd0e382250598343153fbd83adfdcd546635f3cb1c2765eb2489e144066d2%2Fuwu.m3u8"
    },
    {
        "episode": 4,
        "video_url": "https://prxy.miruro.to/m3u8/?url=https%3A%2F%2Fvault-02.padorupado.ru%2Fstream%2F02%2F01%2F5d70789191435f7cbb8631a7f510bed24a467e9c2f815e59c09c07e4adf9f67d%2Fuwu.m3u8"
    },
    {
        "episode": 5,
        "video_url": "https://prxy.miruro.to/m3u8/?url=https%3A%2F%2Fvault-02.padorupado.ru%2Fstream%2F02%2F01%2F0b8db0ef97f3fbb385fe9cf6a4d312a3e9146624d9c75becd4c49c8048592459%2Fuwu.m3u8"
    },
    {
        "episode": 6,
        "video_url": "https://prxy.miruro.to/m3u8/?url=https%3A%2F%2Fvault-02.padorupado.ru%2Fstream%2F02%2F01%2Fa4367004c9a6b99a293be48afbcf5455b81da4c8376ca711f7f0d3fcaf1f2813%2Fuwu.m3u8"
    },
    {
        "episode": 7,
        "video_url": "https://prxy.miruro.to/m3u8/?url=https%3A%2F%2Fvault-02.padorupado.ru%2Fstream%2F02%2F01%2F6ba08b4427ee36aad1468d7fd57ab44f1c47fb869a7e6f51dd6c2402c4ed4651%2Fuwu.m3u8"
    },
    {
        "episode": 8,
        "video_url": "https://prxy.miruro.to/m3u8/?url=https%3A%2F%2Fvault-02.padorupado.ru%2Fstream%2F02%2F01%2F717177fb6220fefd613856f20fc8360d631491d8f7bba2cea0eca1f55d4b010e%2Fuwu.m3u8"
    },
    {
        "episode": 9,
        "video_url": "https://prxy.miruro.to/m3u8/?url=https%3A%2F%2Fvault-02.padorupado.ru%2Fstream%2F02%2F01%2Fbb715192633a97cbf1911a6db5f5eb5e7c49c61f455f38988b7cd062adda3d33%2Fuwu.m3u8"
    },
    {
        "episode": 10,
        "video_url": "https://prxy.miruro.to/m3u8/?url=https%3A%2F%2Fvault-02.padorupado.ru%2Fstream%2F02%2F01%2F4db15141b3116acf218cf202b5a31a0d5099ed2c6043355267a4da7ee2fb5b24%2Fuwu.m3u8"
    },
    {
        "episode": 11,
        "video_url": "https://prxy.miruro.to/m3u8/?url=https%3A%2F%2Fvault-02.padorupado.ru%2Fstream%2F02%2F01%2Ff3c4593949f5de2d0703c383bd628f19935d4dca2f8a06aa2e26df927820180b%2Fuwu.m3u8"
    },
    {
        "episode": 12,
        "video_url": "https://prxy.miruro.to/m3u8/?url=https%3A%2F%2Fvault-02.padorupado.ru%2Fstream%2F02%2F01%2F8214271ba0e113e5c7ff5f38a7898e564e6f01f72806f83babeb776e983436ad%2Fuwu.m3u8"
    }
]