[
    {
        "episode": 1,
        "video_url": "https://prxy.miruro.to/m3u8/?url=https%3A%2F%2Fvault-02.padorupado.ru%2Fstream%2F02%2F02%2F464ff81e0527314a9ff56590b46b83c84f3fb7ede9066f21daf2357d55f32a1c%2Fuwu.m3u8"
    },
    {
        "episode": 2,
        "video_url": "https://prxy.miruro.to/m3u8/?url=https%3A%2F%2Fvault-03.padorupado.ru%2Fstream%2F03%2F03%2F8b37877c01e50e047590ec817e275ca77d606d83b2833b7e45ebf11d977a1c29%2Fuwu.m3u8"
    },
    {
        "episode": 3,
        "video_url": "https://prxy.miruro.to/m3u8/?url=https%3A%2F%2Fvault-02.padorupado.ru%2Fstream%2F02%2F13%2F4d87b48979a33feb0a85e9bd2773e04aa8fdb7bf6ebcd4189b2fa045bfe129a9%2Fuwu.m3u8"
    },
    {
        "episode": 4,
        "video_url": "https://prxy.miruro.to/m3u8/?url=https%3A%2F%2Fvault-01.padorupado.ru%2Fstream%2F01%2F04%2Fca8bdd0c7bba68c9fdb54c16ee3fa57f48f3e514d99b2a591700e333b8ef53e8%2Fuwu.m3u8"
    },
    {
        "episode": 5,
        "video_url": "https://prxy.miruro.to/m3u8/?url=https%3A%2F%2Fvault-03.padorupado.ru%2Fstream%2F03%2F05%2F96290fe6878eed2291121e811faa03a7159a02d99d9ed6b9cdc9192ac8bdf650%2Fuwu.m3u8"
    },
    {
        "episode": 6,
        "video_url": "https://prxy.miruro.to/m3u8/?url=https%3A%2F%2Fvault-01.padorupado.ru%2Fstream%2F01%2F11%2F20d48d7171d5e2df0b121dba02a51c3f776118cd3db5369237e06208e8680ff9%2Fuwu.m3u8"
    },
    {
        "episode": 7,
        "video_url": "https://prxy.miruro.to/m3u8/?url=https%3A%2F%2Fvault-01.padorupado.ru%2Fstream%2F01%2F15%2Fe091344900b6880b06e1134add82966ba0950e7838e7c9a5f37291aee04a81e7%2Fuwu.m3u8"
    },
    {
        "episode": 8,
        "video_url": "https://prxy.miruro.to/m3u8/?url=https%3A%2F%2Fvault-03.padorupado.ru%2Fstream%2F03%2F05%2F174b6c2438d50ec43f54d819f580432cd9e4c4a3cc58e7fc5423d472438b802c%2Fuwu.m3u8"
    },
    {
        "episode": 9,
        "video_url": "https://prxy.miruro.to/m3u8/?url=https%3A%2F%2Fvault-01.padorupado.ru%2Fstream%2F01%2F08%2Fae88783365077da3192340b5ca47772230c7aa00a4b60bae03ae2eeff7bc70cf%2Fuwu.m3u8"
    },
    {
        "episode": 10,
        "video_url": "https://prxy.miruro.to/m3u8/?url=https%3A%2F%2Fvault-01.padorupado.ru%2Fstream%2F01%2F02%2Fc708b14c78e5b5c6d557891f2e03b33c8eb5ba610dcf411a71404c9126c056cf%2Fuwu.m3u8"
    },
    {
        "episode": 11,
        "video_url": "https://prxy.miruro.to/m3u8/?url=https%3A%2F%2Fvault-02.padorupado.ru%2Fstream%2F02%2F04%2F496106bffe3c0ccf04fb3956bf39947515d5c60ebc52b40d198cd918dd492b1f%2Fuwu.m3u8"
    },
    {
        "episode": 12,
        "video_url": "https://prxy.miruro.to/m3u8/?url=https%3A%2F%2Fvault-02.padorupado.ru%2Fstream%2F02%2F12%2Fef1abaf7c3f6c28a841c1eb33d0a8242ccabfb608c8df1e95a88b0a55def3126%2Fuwu.m3u8"
    }
]