[
    {
        "episode": 1,
        "video_url": "https://prxy.miruro.to/m3u8/?url=https%3A%2F%2Fvault-09.padorupado.ru%2Fstream%2F09%2F01%2F32433b794a14fd34355deb7f1c47e8a88ada7d8d6e7454238cae034a01e87a8b%2Fuwu.m3u8"
    },
    {
        "episode": 2,
        "video_url": "https://prxy.miruro.to/m3u8/?url=https%3A%2F%2Fvault-09.padorupado.ru%2Fstream%2F09%2F01%2Fdb4f8b7276d77059b14b7b65194b6ec8a821e7c0d693eededbacf9d48229e8b5%2Fuwu.m3u8"
    },
    {
        "episode": 3,
        "video_url": "https://prxy.miruro.to/m3u8/?url=https%3A%2F%2Fvault-09.padorupado.ru%2Fstream%2F09%2F07%2F2b5a78d395cea8f2930a30846b80fe90df2281aaa2523da0bd395ea22b22484f%2Fuwu.m3u8"
    },
    {
        "episode": 4,
        "video_url": "https://prxy.miruro.to/m3u8/?url=https%3A%2F%2Fvault-09.padorupado.ru%2Fstream%2F09%2F01%2Fd8f45a411fd4aa2d9b44a2726489ee93f9d2243deedd7e97f99270142bda8ab5%2Fuwu.m3u8"
    },
    {
        "episode": 5,
        "video_url": "https://prxy.miruro.to/m3u8/?url=https%3A%2F%2Fvault-09.padorupado.ru%2Fstream%2F09%2F03%2F1e0159de1d7ce8e3cf4f1e2afccda3270563c99fc9dd8c7c9dc1273893058344%2Fuwu.m3u8"
    },
    {
        "episode": 6,
        "video_url": "https://prxy.miruro.to/m3u8/?url=https%3A%2F%2Fvault-09.padorupado.ru%2Fstream%2F09%2F02%2Ff297027393a6cb8480d233d528b8e414869990f26022c78e60d71663e12b6d76%2Fuwu.m3u8"
    },
    {
        "episode": 7,
        "video_url": "https://prxy.miruro.to/m3u8/?url=https%3A%2F%2Fvault-09.padorupado.ru%2Fstream%2F09%2F03%2F85c4931de97bb3b8a60ee9cfc91eb53903e7cd11e893116de4fc0e8b9e458a5f%2Fuwu.m3u8"
    },
    {
        "episode": 8,
        "video_url": "https://prxy.miruro.to/m3u8/?url=https%3A%2F%2Fvault-09.padorupado.ru%2Fstream%2F09%2F01%2F44cf451d4c164b29d4ec512d6d8e9fda3f462d75535593498dfdfdc358ed9e8a%2Fuwu.m3u8"
    },
    {
        "episode": 9,
        "video_url": "https://prxy.miruro.to/m3u8/?url=https%3A%2F%2Fvault-09.padorupado.ru%2Fstream%2F09%2F05%2F7e5c3f7efb0f28949f11b26f3c187f85e5b1b91d15f1e616f918579b06ac7fbc%2Fuwu.m3u8"
    },
    {
        "episode": 10,
        "video_url": "https://prxy.miruro.to/m3u8/?url=https%3A%2F%2Fvault-09.padorupado.ru%2Fstream%2F09%2F04%2F0c6e234e9e79ae983e70fa5077cc7bfaa3c50d8fcb3eb2730eef7f0f39866b8c%2Fuwu.m3u8"
    },
    {
        "episode": 11,
        "video_url": "https://prxy.miruro.to/m3u8/?url=https%3A%2F%2Fvault-09.padorupado.ru%2Fstream%2F09%2F06%2F0fe838047cefa218f82fc5f847bd38489a4d621f2395d89f59f5663796be0301%2Fuwu.m3u8"
    },
    {
        "episode": 12,
        "video_url": "https://prxy.miruro.to/m3u8/?url=https%3A%2F%2Fvault-09.padorupado.ru%2Fstream%2F09%2F05%2F119858a472d12088f549d82d24aba46143532a89bf7858f9a30fa4610614d9b3%2Fuwu.m3u8"
    }
]