[
    {
        "episode": 1,
        "video_url": "https://prxy.miruro.to/m3u8/?url=https%3A%2F%2Fvault-12.kwikie.ru%2Fstream%2F12%2F10%2Fa7cb6adf9e22bb905194db05e6b89ac2ceac0131e17780229aba0b2444792956%2Fuwu.m3u8"
    },
    {
        "episode": 2,
        "video_url": "https://prxy.miruro.to/m3u8/?url=https%3A%2F%2Fvault-12.kwikie.ru%2Fstream%2F12%2F10%2Fc0f33c5abec5cc8b1d74445dc1dfcd57c676df9e232a30b72ff71e3633dfa28c%2Fuwu.m3u8"
    },
    {
        "episode": 3,
        "video_url": "https://prxy.miruro.to/m3u8/?url=https%3A%2F%2Fvault-12.kwikie.ru%2Fstream%2F12%2F10%2F97ba519c55538f66ae1c96dbed05ac7f6a64282af394ddf92d0cc8a210467208%2Fuwu.m3u8"
    },
    {
        "episode": 4,
        "video_url": "https://prxy.miruro.to/m3u8/?url=https%3A%2F%2Fvault-12.kwikie.ru%2Fstream%2F12%2F10%2F3ca314a139934726435335b94070eade68e68f5a785ebd146c985cb97db4860e%2Fuwu.m3u8"
    },
    {
        "episode": 5,
        "video_url": "https://prxy.miruro.to/m3u8/?url=https%3A%2F%2Fvault-12.kwikie.ru%2Fstream%2F12%2F10%2F2dd2ada430a2d695ebb433ba0e72e2f132ee799a4fd45a665adfeec5388eab2b%2Fuwu.m3u8"
    },
    {
        "episode": 6,
        "video_url": "https://prxy.miruro.to/m3u8/?url=https%3A%2F%2Fvault-12.kwikie.ru%2Fstream%2F12%2F10%2Fe9dade0860cb90c7d539dcb93866db9826ca91eddb579e55f1daef67b3e2b073%2Fuwu.m3u8"
    },
    {
        "episode": 7,
        "video_url": "https://prxy.miruro.to/m3u8/?url=https%3A%2F%2Fvault-12.kwikie.ru%2Fstream%2F12%2F10%2F5c4331f1787127e17d7452be86bd447f6b217b723fc96c7ba9b0397d517d797f%2Fuwu.m3u8"
    },
    {
        "episode": 8,
        "video_url": "https://prxy.miruro.to/m3u8/?url=https%3A%2F%2Fvault-12.kwikie.ru%2Fstream%2F12%2F10%2F24a1bf1a2adba0a167a6ab722b45af8c43fbc6893d35621b884c449363fa1bfb%2Fuwu.m3u8"
    },
    {
        "episode": 10,
        "video_url": "https://prxy.miruro.to/m3u8/?url=https%3A%2F%2Fvault-12.kwikie.ru%2Fstream%2F12%2F10%2Fb50985cb1fe6b07226f3a9acc5f039bfca3771df5bf3535b185fac4c07db11bd%2Fuwu.m3u8"
    },
    {
        "episode": 11,
        "video_url": "https://prxy.miruro.to/m3u8/?url=https%3A%2F%2Fvault-12.kwikie.ru%2Fstream%2F12%2F10%2Fb6988fc5ce323d4ffbadcd2d34345306487faf050dab2ba7781495d2a430c618%2Fuwu.m3u8"
    },
    {
        "episode": 12,
        "video_url": "https://prxy.miruro.to/m3u8/?url=https%3A%2F%2Fvault-12.kwikie.ru%2Fstream%2F12%2F10%2Fef9334d37f7518447b2c5d236183e0f328882b65c51f494c568b6ff0773470f4%2Fuwu.m3u8"
    }
]