[
    {
        "episode": 1,
        "video_url": "https://prxy.miruro.to/m3u8/?url=https%3A%2F%2Fvault-05.padorupado.ru%2Fstream%2F05%2F09%2F852c71d3188fac451ce060a64f3697782ae6c54585c4cf138d54edfd469f1385%2Fuwu.m3u8"
    },
    {
        "episode": 2,
        "video_url": "https://prxy.miruro.to/m3u8/?url=https%3A%2F%2Fvault-05.padorupado.ru%2Fstream%2F05%2F06%2Fb453d37150c2e1769cfcfb4ff972e934c1ec3e3ce4d74ff3d4b08112ff402efb%2Fuwu.m3u8"
    },
    {
        "episode": 3,
        "video_url": "https://prxy.miruro.to/m3u8/?url=https%3A%2F%2Fvault-05.padorupado.ru%2Fstream%2F05%2F07%2F39d553d83c62727cebabe44eccedac3f64db04da05eb5a703f408b92cab75927%2Fuwu.m3u8"
    },
    {
        "episode": 4,
        "video_url": "https://prxy.miruro.to/m3u8/?url=https%3A%2F%2Fvault-05.padorupado.ru%2Fstream%2F05%2F09%2F788bc3b5d51dc8dfd230b2b9e400902ad3d61fd83802d74607607c1b647b0d12%2Fuwu.m3u8"
    },
    {
        "episode": 5,
        "video_url": "https://prxy.miruro.to/m3u8/?url=https%3A%2F%2Fvault-05.padorupado.ru%2Fstream%2F05%2F09%2Fdec190fd543c12b576a4173f735dd32772f20cff6ecae7349e1febe59a4f5b6a%2Fuwu.m3u8"
    },
    {
        "episode": 6,
        "video_url": "https://prxy.miruro.to/m3u8/?url=https%3A%2F%2Fvault-05.padorupado.ru%2Fstream%2F05%2F09%2F8592fcec14b5ee7dd03e2016a65d4378e6f5ea328480615f05a20e0a924b8aec%2Fuwu.m3u8"
    },
    {
        "episode": 7,
        "video_url": "https://prxy.miruro.to/m3u8/?url=https%3A%2F%2Fvault-05.padorupado.ru%2Fstream%2F05%2F09%2F87951772cb8d68c1b5a15c6f1aa1468c5814940a25f9e391f51ff013041b034d%2Fuwu.m3u8"
    },
    {
        "episode": 8,
        "video_url": "https://prxy.miruro.to/m3u8/?url=https%3A%2F%2Fvault-05.padorupado.ru%2Fstream%2F05%2F09%2F20623bdbd7de17f2f5df11fea1d825f68f3a6f560577b2f607f8a9396db8c326%2Fuwu.m3u8"
    },
    {
        "episode": 9,
        "video_url": "https://prxy.miruro.to/m3u8/?url=https%3A%2F%2Fvault-05.padorupado.ru%2Fstream%2F05%2F09%2F5fa7d08d3b1a1030d8b6e5f36b10756743564a585edca477a7b1209bf13bd132%2Fuwu.m3u8"
    },
    {
        "episode": 10,
        "video_url": "https://prxy.miruro.to/m3u8/?url=https%3A%2F%2Fvault-05.padorupado.ru%2Fstream%2F05%2F09%2F025667aeccbd429f8baf85547549037e802042ad2e77ce65efe9c6d541982590%2Fuwu.m3u8"
    },
    {
        "episode": 11,
        "video_url": "https://prxy.miruro.to/m3u8/?url=https%3A%2F%2Fvault-05.padorupado.ru%2Fstream%2F05%2F09%2F119362e9e7f316b1ef82eba2b3902e49a9930cbba0e9bf5548cb956e816c0a2e%2Fuwu.m3u8"
    },
    {
        "episode": 12,
        "video_url": "https://prxy.miruro.to/m3u8/?url=https%3A%2F%2Fvault-05.padorupado.ru%2Fstream%2F05%2F09%2F3696ae980d77f6daae8f5a7a84bc7e1d0a985bf62a8fc34672539affe3444bae%2Fuwu.m3u8"
    }
]